{
 "1": {
  "block": 8371177,
  "burn": 0.000516625,
  "emission_alpha": 82.0005,
  "emission_gini": 0.984,
  "kappa": 32767.0,
  "moving_price": 0.00935712,
  "netuid": 1,
  "num_uids": 256,
  "recycle_tao": 0.000516625,
  "stake_gini": 0.851,
  "stake_top1": 0.585,
  "stake_top3": 0.781,
  "stake_top5": 0.916,
  "sybil_cost_ratio": 0.1724
 },
 "120": {
  "block": 8371179,
  "burn": 1.825444431,
  "emission_alpha": 296.0217,
  "emission_gini": 0.975,
  "kappa": 32767.0,
  "moving_price": 0.05616063,
  "netuid": 120,
  "num_uids": 256,
  "recycle_tao": 1.825444431,
  "stake_gini": 0.859,
  "stake_top1": 0.713,
  "stake_top3": 0.889,
  "stake_top5": 0.974,
  "sybil_cost_ratio": 28.1095
 },
 "19": {
  "block": 8371178,
  "burn": 0.1,
  "emission_alpha": 296.0217,
  "emission_gini": 0.987,
  "kappa": 32767.0,
  "moving_price": 0.011987569,
  "netuid": 19,
  "num_uids": 256,
  "recycle_tao": 0.1,
  "stake_gini": 0.931,
  "stake_top1": 0.512,
  "stake_top3": 0.792,
  "stake_top5": 0.899,
  "sybil_cost_ratio": 7.2142
 },
 "4": {
  "block": 8371178,
  "burn": 0.0005,
  "emission_alpha": 296.0217,
  "emission_gini": 0.988,
  "kappa": 32767.0,
  "moving_price": 0.052261862,
  "netuid": 4,
  "num_uids": 256,
  "recycle_tao": 0.0005,
  "stake_gini": 0.944,
  "stake_top1": 0.883,
  "stake_top3": 0.998,
  "stake_top5": 1.0,
  "sybil_cost_ratio": 0.0083
 },
 "56": {
  "block": 8371178,
  "burn": 0.0005,
  "emission_alpha": 296.0217,
  "emission_gini": 0.974,
  "kappa": 32767.0,
  "moving_price": 0.019362305,
  "netuid": 56,
  "num_uids": 256,
  "recycle_tao": 0.0005,
  "stake_gini": 0.931,
  "stake_top1": 0.388,
  "stake_top3": 0.602,
  "stake_top5": 0.756,
  "sybil_cost_ratio": 0.0223
 },
 "64": {
  "block": 8371177,
  "burn": 0.0005,
  "emission_alpha": 296.0217,
  "emission_gini": 0.962,
  "kappa": 32767.0,
  "moving_price": 0.066241629,
  "netuid": 64,
  "num_uids": 256,
  "recycle_tao": 0.0005,
  "stake_gini": 0.948,
  "stake_top1": 0.585,
  "stake_top3": 0.811,
  "stake_top5": 0.926,
  "sybil_cost_ratio": 0.0065
 },
 "8": {
  "block": 8371179,
  "burn": 0.0005,
  "emission_alpha": 296.0217,
  "emission_gini": 0.984,
  "kappa": 32767.0,
  "moving_price": 0.03209257,
  "netuid": 8,
  "num_uids": 256,
  "recycle_tao": 0.0005,
  "stake_gini": 0.956,
  "stake_top1": 0.555,
  "stake_top3": 0.773,
  "stake_top5": 0.847,
  "sybil_cost_ratio": 0.0135
 }
}
